refs/pull/13/head	eb328f7571e065a94ce2a2abc7f532214b915ed5
refs/pull/14/head	5909f9c9dc7a11117e3eaebe391ca41828e3b8fe
refs/pull/15/head	a4b16a8db4ff2afd932c7fa851a42a18bd391446
refs/pull/16/head	869829262c39d75fc83211fbd60634a0cf1a40e7
refs/pull/17/head	fc2a37e8cc0b1e532efdf7089cefc208d6eded48
refs/pull/18/head	39d58986fdf3c625074cc0e08ab574c6595dabd0
refs/pull/19/head	2ba42da624f5b8ff0643d6aadfb2afaff683bca4
refs/pull/20/head	160beb59fb97e7ca80b4c78ea8dbb45b093adf6c
refs/pull/21/head	f8ec13e6a297129f1f74d6a5a9e301948cdfe526
refs/pull/22/head	8d0121755c891681d2800e1c8e2682c3c5309838
refs/pull/23/head	a42b48d91052764d5ee929d4e1309cfb28714438
refs/pull/24/head	aafc1edad80b6878e71a82146ef01c8459a77e59
refs/pull/25/head	24f00e1274e1a16784bcc1aa25ac5ab23e09df5a
refs/pull/26/head	3dab7562eee259f09dcd69c25104013429f80ebd
refs/pull/27/head	09f8918ffff4acd0f0db6c010d37c6e886bf469a
refs/pull/28/head	c7a19179b448f3029587d5d5022718d000543972
refs/pull/29/head	ad32b26dd7d8d4ddcabec584e5dcebc3f54ce16b
refs/pull/30/head	add8289461cc50afb328d258a037a69004af1ffe
refs/pull/31/head	d54bc2eb2f9da14fce6bb4fc635187d2c281c1b7
refs/pull/32/head	c7896949f981a136a85419a6e2acf6a7e98c6873
refs/pull/33/head	d1f7e62ad84f90d06051c9dae4c09befa864b25f
refs/pull/34/head	4e825dade72f0b5a287cf2674b84d55e8402bcdd
refs/pull/35/head	ae381f3109d17467b929f1fee7a550b28a47d256
refs/pull/36/head	496fa8a889ffe2ca8680c4d275b48d6fe6a1c56b
refs/pull/37/head	d520210745465d9a4974e3fba078da48696d0995
refs/pull/38/head	5ef1e137c987e723ec8a6a23b034ee64bd8f483f
refs/pull/39/head	c929284109e795348a13432c3b5b4b28fd3b48c2
refs/pull/40/head	b6c24f0f0d1e6b8c05bed744c9c1a599f209ff3e
refs/pull/41/head	a42c519202362ba9067c90ac8640c6cd10c0818f
refs/pull/42/head	1c6a3adfa37400261e976ecad2e56476b1279bc8
refs/pull/43/head	3a0ebe42ced882ddc19541db934ecfe1b89c85f6
refs/pull/44/head	dbb9090a9f75cb6932fd3fb26eab7fac4b6d4028
refs/pull/45/head	787c80f12ac48a2362c78cb49468c82cd88adf7b
refs/pull/46/head	e550900d8fb7f08d73af8fe868bc25b1c2c2a378
refs/pull/47/head	d1ab05490ad52869f9669c1b7382c12fbae69514
refs/pull/48/head	b5644457061b469fb63fc04de0fbb71f488fb117
refs/pull/49/head	1afb43a98f14a58d94f16380f15b476f21736614
refs/pull/50/head	e3dbe89d04e3bf00f876612b6d61e8187d980999
refs/pull/51/head	d70616a9dfa3aa09c0024127e0f6701743379a78
refs/pull/52/head	0ad0b7d5e6b2389988f5277e7fd46c4edb32fe45
refs/pull/53/head	8b39b0ca72920b77ddfc40549936ea2befb6cf45
refs/pull/54/head	81d1a0464161a404f4f18c2725de67f1952c666d
refs/pull/55/head	e85050d81829ebd1fca47d5bb174486069853192
refs/pull/56/head	2d95ab8f86dafef010a8595e78b54c5f11b44d73
refs/pull/57/head	6800e075f36d017ec0dd632c406200f21f7e9eea
refs/pull/58/head	0b0ca7b5e7a01dc2836d0552f93af1c8d62e7463
refs/pull/59/head	c7ebe897012c7e2384ef3a2cd15f039e79cf6db4
refs/pull/60/head	df8df0ddb4e414e98360fbe8bc82bc7288a529b9
refs/pull/61/head	cef738f87d734c95cbb832eb4fd4d56f42bd38a8
refs/pull/62/head	5691abf7ccda68e762ad0137704a752ccac865d6
refs/pull/63/head	62a6b9287802ecffcdd72efce7fc28b6cfda628c
refs/pull/64/head	59b030b4bc489e4388bf5dd4cd75a186b1290ae0
refs/pull/65/head	dea840b1666f71db9fbdbe27013764eba4e1e202
refs/pull/66/head	77000f8c0812c3f12484005d00d842f4fd8179b6
refs/pull/67/head	70302d8fb99bcf7d73fad64f55f4899918ad05ba
refs/pull/68/head	c195d08111b9df10a55665db3d43fe3cd77e3b42
refs/pull/69/head	dd8e252bdfe93b6c94ee53e9d166781ac682584b
refs/pull/70/head	203c7c3bcf03e8992facc51c9c2968088f9e8807
refs/pull/71/head	064979b0d42a5cc7c42ec4e5cd6c2bc2d3885978
refs/pull/72/head	7ae99dada0750aa7144a3fbdd857c4aac16b07de
refs/pull/73/head	15a7c1462fbc235b198ff5af0796fd76f21a825d
refs/pull/74/head	f978cc72154a6e196b38453e98511c3f4bd181d1
refs/pull/75/head	c35287ce1c2b9135037daa90238f60f560811a8f
refs/pull/76/head	c5575550b3913e80c2fa74cbc00f7eb695180fc9
refs/pull/77/head	8c3e79888ca9a649bd3db41d5d7a05ecb623d229
refs/pull/78/head	a3423f6ab2ac8a40ab28f65a4fb1ec406fb79fbf
refs/pull/79/head	10475e30319bdeaa4585d897a58edeb04e8186a8
refs/pull/80/head	4433c2f48ac0ffd94f941c106705725285f16015
refs/pull/81/head	538a1ea2ea63629f1f9077a4b0f1b6d6ff89cb6a
refs/pull/82/head	4d2219566ebf2e1547d8f43ba7520e4144fb265f
refs/pull/83/head	850e5424760993db961d40fa471bd88818b2af30
refs/pull/84/head	fd99a583e76eb90b8d8bf3c620ab3eb71d089644
refs/pull/85/head	f3927c2ba983bc3b47cf7626815e4da98298c17f
refs/pull/86/head	cd9d00c62125b40f43384438c207d7522f8b15db
refs/pull/87/head	75498326458887455dfe7166d2a7fe43a741cf23
refs/pull/88/head	00a860f3d3509e38f473a9b9ba782c877034c892
refs/pull/89/head	b5b834033ac3edea4ab7a7cf6a209e12e123e653
refs/pull/90/head	1a4b967c8a5c7787853c40c98e9907bd1f10f23e
refs/pull/91/head	b84312f64452863284faf660084eaffc69aa4720
refs/pull/92/head	0bf53b2e6b0efaff3d866bce8656c01ad21c27e9
refs/pull/93/head	41ac8680deefa0b42462a72c5a41b5d7ae5d554d
refs/pull/94/head	599cf70e5d047459503811abc19548ca7f499927
refs/pull/95/head	fd03e2abca32860f19e2c9d6cf63472d6f4d21dc
refs/pull/96/head	116a0ed9ec44393ca9d0fd4c132057bc301cfbba
refs/pull/97/head	144d8a2ff35fcc8a7468e9785d564b5d5478beb0
refs/pull/98/head	2eb11f0d4922bfa8d45086c1c3023d86c3db614d
refs/pull/99/head	c59f54a32724b16635f7fd0f5cab417456a8b087
refs/pull/100/head	bd466fa0a12273136cec7571e520fa89452ffa7a
refs/pull/101/head	522b51aa069a384a74807f7dbc043895ada6a1f2
refs/pull/102/head	0c4f46c236b18733fd9458a97545b2779b423808
refs/pull/103/head	8aa43de0e154fd5d922fb72360d01511236715ee
refs/pull/104/head	ef3c699657a1cc8c7c7459cc090863736e70a85a
refs/pull/105/head	ca8e7242481a823f030ce5589806661207ee7170
refs/pull/106/head	4b0f7e67867a17d08006f587516d31dbb5f13920
refs/pull/107/head	075e8316295e974db10781ef1ea9f843c4b92f33
refs/pull/108/head	4c45ec9fb8230fa2f6d983a1d91aaac1e4fc9ae7
refs/pull/109/head	b5c4d1650f8cf6df0fe575d44e6ddce209d54abe
refs/pull/110/head	11a08bf869755698efdeeb4617148e6d4cf0af9b
refs/pull/111/head	c222b9a5456e2820c57e76e64c0d7f789bff20ee
refs/pull/112/head	f50dd142c9799290e799c019d5f95672b267fa69
refs/pull/113/head	f8adb9d8711c8ab26dafc0e53af4c2f59fda8dea
refs/pull/114/head	e1dfc1da1606b0c695bc2517622cf26193179236
refs/pull/115/head	be89c5fda62333c75d4d502d2e0805c9ed9ad0dc
refs/pull/116/head	afab221a59fff51e37ecc79f4358ab435bea6214
refs/pull/117/head	8aac986cdb4924f4e5a55be9da46d374088ada33
refs/pull/118/head	cd996fd40b80c8f5ec78645b0715d318c66ec74f
refs/pull/119/head	60b5fabce2b2f8a303e2419e37c1d8a961bc673c
refs/pull/120/head	793834d5bf365c251b8fab63a10e5d787203fb5e
refs/pull/121/head	217d83424d9c65be4d2ee4db418ca99722c41aab
refs/pull/122/head	e8bd458469d6fd92ede1d09fabb227e8aa7faf02
refs/pull/123/head	6838d1543c0f55fc9193a2333b4a2a8cae0d9049
refs/pull/124/head	35ac716432e8337daa9e404e6b750a18e6506989
refs/pull/125/head	a5b70c6c36dfce3ead690247d2bda9cb184687b2
refs/pull/126/head	42ed4cff4a0d7e740443366c1241c9adb9815d87
refs/pull/127/head	eaeb7059a8f3bf89a914bc9bac6665082a8ca99f
refs/pull/128/head	5e6010d961d08688dc3b19978299a48c3db5dfc6
